"Variables ->","i","r","v_y","v_cpi","E_v_cpi","v_s","E_v_s","v_z","prem","i_star","v_cpi_star","v_y_star","A1","A2","A3","A4","B1","B2","B3","B4","C1","C2","C3","D1","D2","D3","Z1","Z2","Z3","i_ss","i_star_ss","prem_ss","r_ss","s_E_v_cpi","s_E_v_s","s_i","s_i_star","s_prem","s_v_cpi","s_v_cpi_star","s_v_s","s_v_y","s_v_y_star","s_v_z","std_s_E_v_cpi","std_s_E_v_s","std_s_i","std_s_i_star","std_s_prem","std_s_v_cpi","std_s_v_cpi_star","std_s_v_s","std_s_v_y","std_s_v_y_star","std_s_v_z","ttrend","v_cpi_ss","v_cpi_star_ss","v_s_ss","v_y_ss","v_y_star_ss","v_z_ss"
"Comments ->","i","r","v_y","v_cpi","E_v_cpi","v_s","E_v_s","v_z","prem","i_star","v_cpi_star","v_y_star","","","","","","","","","","","","","","","","","","","","","","s_E_v_cpi","s_E_v_s","s_i","s_i_star","s_prem","s_v_cpi","s_v_cpi_star","s_v_s","s_v_y","s_v_y_star","s_v_z","","","","","","","","","","","","Time trend","","","","","",""
"Class[Size] ->","tseries[100-by-1]","tseries[100-by-1]","tseries[100-by-1]","tseries[100-by-1]","tseries[100-by-1]","tseries[100-by-1]","tseries[100-by-1]","tseries[100-by-1]","tseries[100-by-1]","tseries[100-by-1]","tseries[100-by-1]","tseries[100-by-1]","double[1-by-1]","double[1-by-1]","double[1-by-1]","double[1-by-1]","double[1-by-1]","double[1-by-1]","double[1-by-1]","double[1-by-1]","double[1-by-1]","double[1-by-1]","double[1-by-1]","double[1-by-1]","double[1-by-1]","double[1-by-1]","double[1-by-1]","double[1-by-1]","double[1-by-1]","double[1-by-1]","double[1-by-1]","double[1-by-1]","double[1-by-1]","tseries[100-by-1]","tseries[100-by-1]","tseries[100-by-1]","tseries[100-by-1]","tseries[100-by-1]","tseries[100-by-1]","tseries[100-by-1]","tseries[100-by-1]","tseries[100-by-1]","tseries[100-by-1]","tseries[100-by-1]","double[1-by-1]","double[1-by-1]","double[1-by-1]","double[1-by-1]","double[1-by-1]","double[1-by-1]","double[1-by-1]","double[1-by-1]","double[1-by-1]","double[1-by-1]","double[1-by-1]","tseries[100-by-1]","double[1-by-1]","double[1-by-1]","double[1-by-1]","double[1-by-1]","double[1-by-1]","double[1-by-1]"
"2006Q1",4.25000000e+00,-3.96000000e+00,3.70000000e+00,7.28000000e+00,8.21000000e+00,0.00000000e+00,-1.09000000e+00,-3.62000000e+00,2.26000000e+00,4.59000000e+00,3.42000000e+00,3.39000000e+00,9.50000000e-01,1.50000000e-01,7.50000000e-01,7.50000000e-01,1.50000000e-01,1.00000000e-01,3.00000000e-01,1.50000000e-01,9.00000000e-01,1.50000000e+00,5.00000000e-01,2.00000000e-01,4.00000000e-01,8.00000000e-01,7.50000000e-01,7.50000000e-01,7.50000000e-01,5.00000000e+00,3.00000000e+00,1.00000000e+00,0.00000000e+00,NaN,NaN,NaN,NaN,NaN,NaN,NaN,NaN,NaN,NaN,NaN,9.95033085e-03,9.95033085e-03,9.95033085e-03,9.95033085e-03,9.95033085e-03,9.95033085e-03,9.95033085e-03,9.95033085e-03,9.95033085e-03,9.95033085e-03,9.95033085e-03,NaN,4.00000000e+00,2.00000000e+00,0.00000000e+00,3.50000000e+00,2.50000000e+00,-2.00000000e+00
"2006Q2",4.58000000e+00,-2.15000000e+00,3.21000000e+00,7.55000000e+00,6.73000000e+00,0.00000000e+00,-7.00000000e-02,-3.05000000e+00,2.20000000e+00,4.99000000e+00,4.18000000e+00,3.28000000e+00,NaN,NaN,NaN,NaN,NaN,NaN,NaN,NaN,NaN,NaN,NaN,NaN,NaN,NaN,NaN,NaN,NaN,NaN,NaN,NaN,NaN,NaN,NaN,NaN,NaN,NaN,NaN,NaN,NaN,NaN,NaN,NaN,NaN,NaN,NaN,NaN,NaN,NaN,NaN,NaN,NaN,NaN,NaN,NaN,NaN,NaN,NaN,NaN,NaN,NaN
"2006Q3",5.00000000e+00,-1.94000000e+00,4.11000000e+00,5.70000000e+00,6.94000000e+00,-1.30000000e-01,-7.00000000e-02,-3.65000000e+00,2.40000000e+00,5.25000000e+00,2.01000000e+00,2.99000000e+00,NaN,NaN,NaN,NaN,NaN,NaN,NaN,NaN,NaN,NaN,NaN,NaN,NaN,NaN,NaN,NaN,NaN,NaN,NaN,NaN,NaN,NaN,NaN,NaN,NaN,NaN,NaN,NaN,NaN,NaN,NaN,NaN,NaN,NaN,NaN,NaN,NaN,NaN,NaN,NaN,NaN,NaN,NaN,NaN,NaN,NaN,NaN,NaN,NaN,NaN
"2006Q4",5.00000000e+00,-1.16000000e+00,5.38000000e+00,5.79000000e+00,6.16000000e+00,-1.30000000e-01,3.90000000e-01,-3.16000000e+00,2.20000000e+00,5.24000000e+00,2.52000000e+00,2.85000000e+00,NaN,NaN,NaN,NaN,NaN,NaN,NaN,NaN,NaN,NaN,NaN,NaN,NaN,NaN,NaN,NaN,NaN,NaN,NaN,NaN,NaN,NaN,NaN,NaN,NaN,NaN,NaN,NaN,NaN,NaN,NaN,NaN,NaN,NaN,NaN,NaN,NaN,NaN,NaN,NaN,NaN,NaN,NaN,NaN,NaN,NaN,NaN,NaN,NaN,NaN
"2007Q1",5.02000000e+00,-6.00000000e-01,5.92000000e+00,7.02000000e+00,5.63000000e+00,9.20000000e-01,3.90000000e-01,-3.04000000e+00,2.02000000e+00,5.26000000e+00,2.80000000e+00,2.38000000e+00,NaN,NaN,NaN,NaN,NaN,NaN,NaN,NaN,NaN,NaN,NaN,NaN,NaN,NaN,NaN,NaN,NaN,NaN,NaN,NaN,NaN,NaN,NaN,NaN,NaN,NaN,NaN,NaN,NaN,NaN,NaN,NaN,NaN,NaN,NaN,NaN,NaN,NaN,NaN,NaN,NaN,NaN,NaN,NaN,NaN,NaN,NaN,NaN,NaN,NaN
"2007Q2",5.50000000e+00,-1.63000000e+00,7.06000000e+00,5.31000000e+00,7.13000000e+00,9.20000000e-01,1.05000000e+00,-1.61000000e+00,1.55000000e+00,5.25000000e+00,2.69000000e+00,2.06000000e+00,NaN,NaN,NaN,NaN,NaN,NaN,NaN,NaN,NaN,NaN,NaN,NaN,NaN,NaN,NaN,NaN,NaN,NaN,NaN,NaN,NaN,NaN,NaN,NaN,NaN,NaN,NaN,NaN,NaN,NaN,NaN,NaN,NaN,NaN,NaN,NaN,NaN,NaN,NaN,NaN,NaN,NaN,NaN,NaN,NaN,NaN,NaN,NaN,NaN,NaN
"2007Q3",5.53000000e+00,-9.80000000e-01,7.07000000e+00,7.33000000e+00,6.50000000e+00,1.18000000e+00,6.60000000e-01,-3.08000000e+00,2.14000000e+00,4.94000000e+00,2.83000000e+00,2.03000000e+00,NaN,NaN,NaN,NaN,NaN,NaN,NaN,NaN,NaN,NaN,NaN,NaN,NaN,NaN,NaN,NaN,NaN,NaN,NaN,NaN,NaN,NaN,NaN,NaN,NaN,NaN,NaN,NaN,NaN,NaN,NaN,NaN,NaN,NaN,NaN,NaN,NaN,NaN,NaN,NaN,NaN,NaN,NaN,NaN,NaN,NaN,NaN,NaN,NaN,NaN
"2007Q4",6.29000000e+00,-1.66000000e+00,6.30000000e+00,8.75000000e+00,7.94000000e+00,3.90000000e-01,2.70000000e-01,-4.03000000e+00,2.17000000e+00,4.24000000e+00,4.11000000e+00,1.88000000e+00,NaN,NaN,NaN,NaN,NaN,NaN,NaN,NaN,NaN,NaN,NaN,NaN,NaN,NaN,NaN,NaN,NaN,NaN,NaN,NaN,NaN,NaN,NaN,NaN,NaN,NaN,NaN,NaN,NaN,NaN,NaN,NaN,NaN,NaN,NaN,NaN,NaN,NaN,NaN,NaN,NaN,NaN,NaN,NaN,NaN,NaN,NaN,NaN,NaN,NaN
"2008Q1",6.54000000e+00,-3.88000000e+00,5.23000000e+00,9.10000000e+00,1.04200000e+01,-6.50000000e-01,-1.04000000e+00,-5.34000000e+00,2.29000000e+00,2.61000000e+00,3.97000000e+00,1.79000000e+00,NaN,NaN,NaN,NaN,NaN,NaN,NaN,NaN,NaN,NaN,NaN,NaN,NaN,NaN,NaN,NaN,NaN,NaN,NaN,NaN,NaN,NaN,NaN,NaN,NaN,NaN,NaN,NaN,NaN,NaN,NaN,NaN,NaN,NaN,NaN,NaN,NaN,NaN,NaN,NaN,NaN,NaN,NaN,NaN,NaN,NaN,NaN,NaN,NaN,NaN
"2008Q2",6.75000000e+00,-3.62000000e+00,4.66000000e+00,1.35600000e+01,1.03700000e+01,-2.47000000e+00,-1.88000000e+00,-9.74000000e+00,1.97000000e+00,2.00000000e+00,4.94000000e+00,1.61000000e+00,NaN,NaN,NaN,NaN,NaN,NaN,NaN,NaN,NaN,NaN,NaN,NaN,NaN,NaN,NaN,NaN,NaN,NaN,NaN,NaN,NaN,NaN,NaN,NaN,NaN,NaN,NaN,NaN,NaN,NaN,NaN,NaN,NaN,NaN,NaN,NaN,NaN,NaN,NaN,NaN,NaN,NaN,NaN,NaN,NaN,NaN,NaN,NaN,NaN,NaN
"2008Q3",7.25000000e+00,-4.86000000e+00,3.74000000e+00,1.27500000e+01,1.21100000e+01,-3.12000000e+00,-7.10000000e-01,-9.81000000e+00,2.54000000e+00,1.81000000e+00,4.95000000e+00,1.05000000e+00,NaN,NaN,NaN,NaN,NaN,NaN,NaN,NaN,NaN,NaN,NaN,NaN,NaN,NaN,NaN,NaN,NaN,NaN,NaN,NaN,NaN,NaN,NaN,NaN,NaN,NaN,NaN,NaN,NaN,NaN,NaN,NaN,NaN,NaN,NaN,NaN,NaN,NaN,NaN,NaN,NaN,NaN,NaN,NaN,NaN,NaN,NaN,NaN,NaN,NaN
"2008Q4",7.25000000e+00,-2.81000000e+00,3.28000000e+00,9.40000000e+00,1.00600000e+01,1.05000000e+00,1.32000000e+00,-7.55000000e+00,5.67000000e+00,1.60000000e-01,-2.00000000e-02,-1.40000000e-01,NaN,NaN,NaN,NaN,NaN,NaN,NaN,NaN,NaN,NaN,NaN,NaN,NaN,NaN,NaN,NaN,NaN,NaN,NaN,NaN,NaN,NaN,NaN,NaN,NaN,NaN,NaN,NaN,NaN,NaN,NaN,NaN,NaN,NaN,NaN,NaN,NaN,NaN,NaN,NaN,NaN,NaN,NaN,NaN,NaN,NaN,NaN,NaN,NaN,NaN
"2009Q1",6.45000000e+00,1.00000000e-01,2.31000000e+00,5.00000000e+00,6.35000000e+00,5.76000000e+00,4.80000000e+00,3.20000000e-01,4.69000000e+00,1.80000000e-01,-4.50000000e-01,-1.24000000e+00,NaN,NaN,NaN,NaN,NaN,NaN,NaN,NaN,NaN,NaN,NaN,NaN,NaN,NaN,NaN,NaN,NaN,NaN,NaN,NaN,NaN,NaN,NaN,NaN,NaN,NaN,NaN,NaN,NaN,NaN,NaN,NaN,NaN,NaN,NaN,NaN,NaN,NaN,NaN,NaN,NaN,NaN,NaN,NaN,NaN,NaN,NaN,NaN,NaN,NaN
"2009Q2",5.55000000e+00,2.27000000e+00,6.60000000e-01,6.20000000e-01,3.28000000e+00,8.54000000e+00,8.64000000e+00,6.27000000e+00,3.16000000e+00,2.10000000e-01,-1.23000000e+00,-2.49000000e+00,NaN,NaN,NaN,NaN,NaN,NaN,NaN,NaN,NaN,NaN,NaN,NaN,NaN,NaN,NaN,NaN,NaN,NaN,NaN,NaN,NaN,NaN,NaN,NaN,NaN,NaN,NaN,NaN,NaN,NaN,NaN,NaN,NaN,NaN,NaN,NaN,NaN,NaN,NaN,NaN,NaN,NaN,NaN,NaN,NaN,NaN,NaN,NaN,NaN,NaN
"2009Q3",4.64000000e+00,4.33000000e+00,4.10000000e-01,3.00000000e-02,3.10000000e-01,1.15300000e+01,8.29000000e+00,9.96000000e+00,2.86000000e+00,1.50000000e-01,-1.38000000e+00,-3.25000000e+00,NaN,NaN,NaN,NaN,NaN,NaN,NaN,NaN,NaN,NaN,NaN,NaN,NaN,NaN,NaN,NaN,NaN,NaN,NaN,NaN,NaN,NaN,NaN,NaN,NaN,NaN,NaN,NaN,NaN,NaN,NaN,NaN,NaN,NaN,NaN,NaN,NaN,NaN,NaN,NaN,NaN,NaN,NaN,NaN,NaN,NaN,NaN,NaN,NaN,NaN
"2009Q4",4.50000000e+00,3.12000000e+00,5.30000000e-01,-2.80000000e-01,1.38000000e+00,8.04000000e+00,5.39000000e+00,1.12900000e+01,2.35000000e+00,1.20000000e-01,2.81000000e+00,-2.54000000e+00,NaN,NaN,NaN,NaN,NaN,NaN,NaN,NaN,NaN,NaN,NaN,NaN,NaN,NaN,NaN,NaN,NaN,NaN,NaN,NaN,NaN,NaN,NaN,NaN,NaN,NaN,NaN,NaN,NaN,NaN,NaN,NaN,NaN,NaN,NaN,NaN,NaN,NaN,NaN,NaN,NaN,NaN,NaN,NaN,NaN,NaN,NaN,NaN,NaN,NaN
"2010Q1",4.50000000e+00,3.27000000e+00,1.63000000e+00,3.93000000e+00,1.23000000e+00,-7.40000000e-01,3.28000000e+00,-2.23000000e+00,2.00000000e+00,1.60000000e-01,2.29000000e+00,-1.31000000e+00,NaN,NaN,NaN,NaN,NaN,NaN,NaN,NaN,NaN,NaN,NaN,NaN,NaN,NaN,NaN,NaN,NaN,NaN,NaN,NaN,NaN,NaN,NaN,NaN,NaN,NaN,NaN,NaN,NaN,NaN,NaN,NaN,NaN,NaN,NaN,NaN,NaN,NaN,NaN,NaN,NaN,NaN,NaN,NaN,NaN,NaN,NaN,NaN,NaN,NaN
"2010Q2",4.50000000e+00,6.30000000e-01,2.91000000e+00,4.07000000e+00,3.87000000e+00,-1.48000000e+00,-1.81000000e+00,-4.33000000e+00,2.32000000e+00,1.80000000e-01,1.12000000e+00,3.80000000e-01,NaN,NaN,NaN,NaN,NaN,NaN,NaN,NaN,NaN,NaN,NaN,NaN,NaN,NaN,NaN,NaN,NaN,NaN,NaN,NaN,NaN,NaN,NaN,NaN,NaN,NaN,NaN,NaN,NaN,NaN,NaN,NaN,NaN,NaN,NaN,NaN,NaN,NaN,NaN,NaN,NaN,NaN,NaN,NaN,NaN,NaN,NaN,NaN,NaN,NaN
"2010Q3",4.50000000e+00,-3.00000000e-02,2.85000000e+00,3.76000000e+00,4.53000000e+00,-2.88000000e+00,-2.84000000e+00,-5.33000000e+00,2.43000000e+00,1.90000000e-01,1.12000000e+00,1.96000000e+00,NaN,NaN,NaN,NaN,NaN,NaN,NaN,NaN,NaN,NaN,NaN,NaN,NaN,NaN,NaN,NaN,NaN,NaN,NaN,NaN,NaN,NaN,NaN,NaN,NaN,NaN,NaN,NaN,NaN,NaN,NaN,NaN,NaN,NaN,NaN,NaN,NaN,NaN,NaN,NaN,NaN,NaN,NaN,NaN,NaN,NaN,NaN,NaN,NaN,NaN
"2010Q4",4.50000000e+00,3.10000000e-01,2.87000000e+00,5.39000000e+00,4.19000000e+00,-4.20000000e+00,-3.37000000e+00,-7.74000000e+00,1.78000000e+00,1.80000000e-01,1.44000000e+00,2.56000000e+00,NaN,NaN,NaN,NaN,NaN,NaN,NaN,NaN,NaN,NaN,NaN,NaN,NaN,NaN,NaN,NaN,NaN,NaN,NaN,NaN,NaN,NaN,NaN,NaN,NaN,NaN,NaN,NaN,NaN,NaN,NaN,NaN,NaN,NaN,NaN,NaN,NaN,NaN,NaN,NaN,NaN,NaN,NaN,NaN,NaN,NaN,NaN,NaN,NaN,NaN
"2011Q1",4.50000000e+00,-1.25000000e+00,2.97000000e+00,5.00000000e+00,5.75000000e+00,-3.87000000e+00,-3.47000000e+00,-6.07000000e+00,1.66000000e+00,1.40000000e-01,2.62000000e+00,2.62000000e+00,NaN,NaN,NaN,NaN,NaN,NaN,NaN,NaN,NaN,NaN,NaN,NaN,NaN,NaN,NaN,NaN,NaN,NaN,NaN,NaN,NaN,NaN,NaN,NaN,NaN,NaN,NaN,NaN,NaN,NaN,NaN,NaN,NaN,NaN,NaN,NaN,NaN,NaN,NaN,NaN,NaN,NaN,NaN,NaN,NaN,NaN,NaN,NaN,NaN,NaN
"2011Q2",4.75000000e+00,-1.03000000e+00,3.09000000e+00,6.42000000e+00,5.78000000e+00,-2.75000000e+00,-3.36000000e+00,-5.38000000e+00,2.10000000e+00,9.00000000e-02,3.50000000e+00,2.35000000e+00,NaN,NaN,NaN,NaN,NaN,NaN,NaN,NaN,NaN,NaN,NaN,NaN,NaN,NaN,NaN,NaN,NaN,NaN,NaN,NaN,NaN,NaN,NaN,NaN,NaN,NaN,NaN,NaN,NaN,NaN,NaN,NaN,NaN,NaN,NaN,NaN,NaN,NaN,NaN,NaN,NaN,NaN,NaN,NaN,NaN,NaN,NaN,NaN,NaN,NaN
"2011Q3",5.00000000e+00,-1.35000000e+00,4.06000000e+00,7.25000000e+00,6.35000000e+00,-2.85000000e+00,-2.50000000e+00,-5.83000000e+00,3.43000000e+00,8.00000000e-02,3.81000000e+00,1.79000000e+00,NaN,NaN,NaN,NaN,NaN,NaN,NaN,NaN,NaN,NaN,NaN,NaN,NaN,NaN,NaN,NaN,NaN,NaN,NaN,NaN,NaN,NaN,NaN,NaN,NaN,NaN,NaN,NaN,NaN,NaN,NaN,NaN,NaN,NaN,NaN,NaN,NaN,NaN,NaN,NaN,NaN,NaN,NaN,NaN,NaN,NaN,NaN,NaN,NaN,NaN
"2011Q4",5.50000000e+00,-8.10000000e-01,4.16000000e+00,6.20000000e+00,6.31000000e+00,-2.26000000e+00,-1.29000000e+00,-5.20000000e+00,3.52000000e+00,7.00000000e-02,3.06000000e+00,1.55000000e+00,NaN,NaN,NaN,NaN,NaN,NaN,NaN,NaN,NaN,NaN,NaN,NaN,NaN,NaN,NaN,NaN,NaN,NaN,NaN,NaN,NaN,NaN,NaN,NaN,NaN,NaN,NaN,NaN,NaN,NaN,NaN,NaN,NaN,NaN,NaN,NaN,NaN,NaN,NaN,NaN,NaN,NaN,NaN,NaN,NaN,NaN,NaN,NaN,NaN,NaN
"2012Q1",5.50000000e+00,2.50000000e-01,4.02000000e+00,4.55000000e+00,5.25000000e+00,2.60000000e-01,-7.40000000e-01,-1.57000000e+00,3.04000000e+00,1.30000000e-01,2.58000000e+00,1.73000000e+00,NaN,NaN,NaN,NaN,NaN,NaN,NaN,NaN,NaN,NaN,NaN,NaN,NaN,NaN,NaN,NaN,NaN,NaN,NaN,NaN,NaN,NaN,NaN,NaN,NaN,NaN,NaN,NaN,NaN,NaN,NaN,NaN,NaN,NaN,NaN,NaN,NaN,NaN,NaN,NaN,NaN,NaN,NaN,NaN,NaN,NaN,NaN,NaN,NaN,NaN
"2012Q2",5.50000000e+00,1.39000000e+00,3.70000000e+00,3.47000000e+00,4.11000000e+00,7.70000000e-01,9.60000000e-01,-1.01000000e+00,3.83000000e+00,1.60000000e-01,1.65000000e+00,1.89000000e+00,NaN,NaN,NaN,NaN,NaN,NaN,NaN,NaN,NaN,NaN,NaN,NaN,NaN,NaN,NaN,NaN,NaN,NaN,NaN,NaN,NaN,NaN,NaN,NaN,NaN,NaN,NaN,NaN,NaN,NaN,NaN,NaN,NaN,NaN,NaN,NaN,NaN,NaN,NaN,NaN,NaN,NaN,NaN,NaN,NaN,NaN,NaN,NaN,NaN,NaN
"2012Q3",5.00000000e+00,1.54000000e+00,3.03000000e+00,3.28000000e+00,3.46000000e+00,1.66000000e+00,9.60000000e-01,2.40000000e-01,2.94000000e+00,1.40000000e-01,1.95000000e+00,2.29000000e+00,NaN,NaN,NaN,NaN,NaN,NaN,NaN,NaN,NaN,NaN,NaN,NaN,NaN,NaN,NaN,NaN,NaN,NaN,NaN,NaN,NaN,NaN,NaN,NaN,NaN,NaN,NaN,NaN,NaN,NaN,NaN,NaN,NaN,NaN,NaN,NaN,NaN,NaN,NaN,NaN,NaN,NaN,NaN,NaN,NaN,NaN,NaN,NaN,NaN,NaN
"2012Q4",5.00000000e+00,1.35000000e+00,2.97000000e+00,3.45000000e+00,3.65000000e+00,1.15000000e+00,1.35000000e+00,-5.00000000e-01,2.83000000e+00,1.60000000e-01,1.76000000e+00,2.25000000e+00,NaN,NaN,NaN,NaN,NaN,NaN,NaN,NaN,NaN,NaN,NaN,NaN,NaN,NaN,NaN,NaN,NaN,NaN,NaN,NaN,NaN,NaN,NaN,NaN,NaN,NaN,NaN,NaN,NaN,NaN,NaN,NaN,NaN,NaN,NaN,NaN,NaN,NaN,NaN,NaN,NaN,NaN,NaN,NaN,NaN,NaN,NaN,NaN,NaN,NaN
"2013Q1",5.00000000e+00,1.09000000e+00,2.84000000e+00,4.34000000e+00,3.91000000e+00,1.03000000e+00,3.90000000e-01,-1.69000000e+00,2.54000000e+00,1.40000000e-01,1.52000000e+00,1.98000000e+00,NaN,NaN,NaN,NaN,NaN,NaN,NaN,NaN,NaN,NaN,NaN,NaN,NaN,NaN,NaN,NaN,NaN,NaN,NaN,NaN,NaN,NaN,NaN,NaN,NaN,NaN,NaN,NaN,NaN,NaN,NaN,NaN,NaN,NaN,NaN,NaN,NaN,NaN,NaN,NaN,NaN,NaN,NaN,NaN,NaN,NaN,NaN,NaN,NaN,NaN
"2013Q2",5.25000000e+00,9.60000000e-01,3.31000000e+00,4.79000000e+00,4.29000000e+00,-3.80000000e-01,2.70000000e-01,-3.28000000e+00,2.75000000e+00,9.00000000e-02,1.72000000e+00,1.70000000e+00,NaN,NaN,NaN,NaN,NaN,NaN,NaN,NaN,NaN,NaN,NaN,NaN,NaN,NaN,NaN,NaN,NaN,NaN,NaN,NaN,NaN,NaN,NaN,NaN,NaN,NaN,NaN,NaN,NaN,NaN,NaN,NaN,NaN,NaN,NaN,NaN,NaN,NaN,NaN,NaN,NaN,NaN,NaN,NaN,NaN,NaN,NaN,NaN,NaN,NaN
"2013Q3",5.25000000e+00,6.00000000e-01,3.72000000e+00,4.21000000e+00,4.65000000e+00,-5.00000000e-01,-3.80000000e-01,-3.28000000e+00,2.63000000e+00,8.00000000e-02,1.09000000e+00,1.56000000e+00,NaN,NaN,NaN,NaN,NaN,NaN,NaN,NaN,NaN,NaN,NaN,NaN,NaN,NaN,NaN,NaN,NaN,NaN,NaN,NaN,NaN,NaN,NaN,NaN,NaN,NaN,NaN,NaN,NaN,NaN,NaN,NaN,NaN,NaN,NaN,NaN,NaN,NaN,NaN,NaN,NaN,NaN,NaN,NaN,NaN,NaN,NaN,NaN,NaN,NaN
"2013Q4",5.00000000e+00,1.12000000e+00,3.70000000e+00,4.39000000e+00,3.88000000e+00,-3.80000000e-01,-7.60000000e-01,-3.15000000e+00,2.59000000e+00,9.00000000e-02,1.51000000e+00,1.84000000e+00,NaN,NaN,NaN,NaN,NaN,NaN,NaN,NaN,NaN,NaN,NaN,NaN,NaN,NaN,NaN,NaN,NaN,NaN,NaN,NaN,NaN,NaN,NaN,NaN,NaN,NaN,NaN,NaN,NaN,NaN,NaN,NaN,NaN,NaN,NaN,NaN,NaN,NaN,NaN,NaN,NaN,NaN,NaN,NaN,NaN,NaN,NaN,NaN,NaN,NaN
"2014Q1",5.00000000e+00,1.05000000e+00,3.80000000e+00,3.25000000e+00,3.95000000e+00,-1.02000000e+00,-3.20000000e-01,-2.68000000e+00,2.50000000e+00,8.00000000e-02,1.58000000e+00,1.81000000e+00,NaN,NaN,NaN,NaN,NaN,NaN,NaN,NaN,NaN,NaN,NaN,NaN,NaN,NaN,NaN,NaN,NaN,NaN,NaN,NaN,NaN,NaN,NaN,NaN,NaN,NaN,NaN,NaN,NaN,NaN,NaN,NaN,NaN,NaN,NaN,NaN,NaN,NaN,NaN,NaN,NaN,NaN,NaN,NaN,NaN,NaN,NaN,NaN,NaN,NaN
"2014Q2",4.75000000e+00,1.43000000e+00,3.73000000e+00,3.13000000e+00,3.32000000e+00,-2.60000000e-01,-1.90000000e+00,-1.17000000e+00,2.18000000e+00,1.00000000e-01,2.04000000e+00,2.15000000e+00,NaN,NaN,NaN,NaN,NaN,NaN,NaN,NaN,NaN,NaN,NaN,NaN,NaN,NaN,NaN,NaN,NaN,NaN,NaN,NaN,NaN,NaN,NaN,NaN,NaN,NaN,NaN,NaN,NaN,NaN,NaN,NaN,NaN,NaN,NaN,NaN,NaN,NaN,NaN,NaN,NaN,NaN,NaN,NaN,NaN,NaN,NaN,NaN,NaN,NaN
"2014Q3",4.50000000e+00,1.43000000e+00,3.91000000e+00,3.45000000e+00,3.07000000e+00,-2.77000000e+00,-1.65000000e+00,-4.49000000e+00,2.25000000e+00,9.00000000e-02,1.67000000e+00,2.43000000e+00,NaN,NaN,NaN,NaN,NaN,NaN,NaN,NaN,NaN,NaN,NaN,NaN,NaN,NaN,NaN,NaN,NaN,NaN,NaN,NaN,NaN,NaN,NaN,NaN,NaN,NaN,NaN,NaN,NaN,NaN,NaN,NaN,NaN,NaN,NaN,NaN,NaN,NaN,NaN,NaN,NaN,NaN,NaN,NaN,NaN,NaN,NaN,NaN,NaN,NaN
"2014Q4",4.00000000e+00,9.00000000e-01,4.17000000e+00,2.95000000e+00,3.10000000e+00,-3.05000000e+00,-2.03000000e+00,-5.11000000e+00,2.72000000e+00,1.20000000e-01,6.60000000e-01,2.45000000e+00,NaN,NaN,NaN,NaN,NaN,NaN,NaN,NaN,NaN,NaN,NaN,NaN,NaN,NaN,NaN,NaN,NaN,NaN,NaN,NaN,NaN,NaN,NaN,NaN,NaN,NaN,NaN,NaN,NaN,NaN,NaN,NaN,NaN,NaN,NaN,NaN,NaN,NaN,NaN,NaN,NaN,NaN,NaN,NaN,NaN,NaN,NaN,NaN,NaN,NaN
"2015Q1",3.50000000e+00,7.50000000e-01,4.58000000e+00,2.43000000e+00,2.75000000e+00,-1.29000000e+00,-2.49000000e+00,-3.72000000e+00,2.74000000e+00,1.10000000e-01,0.00000000e+00,3.04000000e+00,NaN,NaN,NaN,NaN,NaN,NaN,NaN,NaN,NaN,NaN,NaN,NaN,NaN,NaN,NaN,NaN,NaN,NaN,NaN,NaN,NaN,NaN,NaN,NaN,NaN,NaN,NaN,NaN,NaN,NaN,NaN,NaN,NaN,NaN,NaN,NaN,NaN,NaN,NaN,NaN,NaN,NaN,NaN,NaN,NaN,NaN,NaN,NaN,NaN,NaN
"2015Q2",3.50000000e+00,1.27000000e+00,4.36000000e+00,2.39000000e+00,2.23000000e+00,-1.92000000e+00,-8.20000000e-01,-4.13000000e+00,2.47000000e+00,1.30000000e-01,1.80000000e-01,3.23000000e+00,NaN,NaN,NaN,NaN,NaN,NaN,NaN,NaN,NaN,NaN,NaN,NaN,NaN,NaN,NaN,NaN,NaN,NaN,NaN,NaN,NaN,NaN,NaN,NaN,NaN,NaN,NaN,NaN,NaN,NaN,NaN,NaN,NaN,NaN,NaN,NaN,NaN,NaN,NaN,NaN,NaN,NaN,NaN,NaN,NaN,NaN,NaN,NaN,NaN,NaN
"2015Q3",3.25000000e+00,6.30000000e-01,4.17000000e+00,1.88000000e+00,2.62000000e+00,-3.40000000e-01,-1.00000000e+00,-2.19000000e+00,3.02000000e+00,1.40000000e-01,1.00000000e-02,3.06000000e+00,NaN,NaN,NaN,NaN,NaN,NaN,NaN,NaN,NaN,NaN,NaN,NaN,NaN,NaN,NaN,NaN,NaN,NaN,NaN,NaN,NaN,NaN,NaN,NaN,NaN,NaN,NaN,NaN,NaN,NaN,NaN,NaN,NaN,NaN,NaN,NaN,NaN,NaN,NaN,NaN,NaN,NaN,NaN,NaN,NaN,NaN,NaN,NaN,NaN,NaN
"2015Q4",3.00000000e+00,3.00000000e-01,4.14000000e+00,3.07000000e+00,2.70000000e+00,-9.00000000e-02,4.00000000e-01,-2.35000000e+00,2.99000000e+00,2.40000000e-01,6.60000000e-01,2.88000000e+00,NaN,NaN,NaN,NaN,NaN,NaN,NaN,NaN,NaN,NaN,NaN,NaN,NaN,NaN,NaN,NaN,NaN,NaN,NaN,NaN,NaN,NaN,NaN,NaN,NaN,NaN,NaN,NaN,NaN,NaN,NaN,NaN,NaN,NaN,NaN,NaN,NaN,NaN,NaN,NaN,NaN,NaN,NaN,NaN,NaN,NaN,NaN,NaN,NaN,NaN
"2016Q1",3.00000000e+00,-5.40000000e-01,3.64000000e+00,4.26000000e+00,3.54000000e+00,1.14000000e+00,-9.00000000e-02,-2.12000000e+00,3.20000000e+00,3.60000000e-01,8.80000000e-01,2.32000000e+00,NaN,NaN,NaN,NaN,NaN,NaN,NaN,NaN,NaN,NaN,NaN,NaN,NaN,NaN,NaN,NaN,NaN,NaN,NaN,NaN,NaN,NaN,NaN,NaN,NaN,NaN,NaN,NaN,NaN,NaN,NaN,NaN,NaN,NaN,NaN,NaN,NaN,NaN,NaN,NaN,NaN,NaN,NaN,NaN,NaN,NaN,NaN,NaN,NaN,NaN
"2016Q2",3.00000000e+00,-1.36000000e+00,3.64000000e+00,4.43000000e+00,4.36000000e+00,-9.00000000e-02,-5.20000000e-01,-3.39000000e+00,3.04000000e+00,3.80000000e-01,1.03000000e+00,1.80000000e+00,NaN,NaN,NaN,NaN,NaN,NaN,NaN,NaN,NaN,NaN,NaN,NaN,NaN,NaN,NaN,NaN,NaN,NaN,NaN,NaN,NaN,NaN,NaN,NaN,NaN,NaN,NaN,NaN,NaN,NaN,NaN,NaN,NaN,NaN,NaN,NaN,NaN,NaN,NaN,NaN,NaN,NaN,NaN,NaN,NaN,NaN,NaN,NaN,NaN,NaN
"2016Q3",3.00000000e+00,-1.36000000e+00,3.31000000e+00,4.56000000e+00,4.36000000e+00,-2.18000000e+00,-7.60000000e-01,-5.07000000e+00,2.57000000e+00,4.00000000e-01,1.49000000e+00,1.60000000e+00,NaN,NaN,NaN,NaN,NaN,NaN,NaN,NaN,NaN,NaN,NaN,NaN,NaN,NaN,NaN,NaN,NaN,NaN,NaN,NaN,NaN,NaN,NaN,NaN,NaN,NaN,NaN,NaN,NaN,NaN,NaN,NaN,NaN,NaN,NaN,NaN,NaN,NaN,NaN,NaN,NaN,NaN,NaN,NaN,NaN,NaN,NaN,NaN,NaN,NaN
"2016Q4",3.00000000e+00,-1.36000000e+00,3.09000000e+00,4.23000000e+00,4.36000000e+00,-1.43000000e+00,-3.41000000e+00,-3.47000000e+00,2.74000000e+00,5.40000000e-01,2.08000000e+00,1.57000000e+00,NaN,NaN,NaN,NaN,NaN,NaN,NaN,NaN,NaN,NaN,NaN,NaN,NaN,NaN,NaN,NaN,NaN,NaN,NaN,NaN,NaN,NaN,NaN,NaN,NaN,NaN,NaN,NaN,NaN,NaN,NaN,NaN,NaN,NaN,NaN,NaN,NaN,NaN,NaN,NaN,NaN,NaN,NaN,NaN,NaN,NaN,NaN,NaN,NaN,NaN
"2017Q1",3.00000000e+00,-1.28000000e+00,3.15000000e+00,4.00000000e+00,4.28000000e+00,-4.63000000e+00,-2.67000000e+00,-6.14000000e+00,2.32000000e+00,7.90000000e-01,2.39000000e+00,1.66000000e+00,NaN,NaN,NaN,NaN,NaN,NaN,NaN,NaN,NaN,NaN,NaN,NaN,NaN,NaN,NaN,NaN,NaN,NaN,NaN,NaN,NaN,NaN,NaN,NaN,NaN,NaN,NaN,NaN,NaN,NaN,NaN,NaN,NaN,NaN,NaN,NaN,NaN,NaN,NaN,NaN,NaN,NaN,NaN,NaN,NaN,NaN,NaN,NaN,NaN,NaN
"2017Q2",3.00000000e+00,-1.12000000e+00,2.82000000e+00,4.36000000e+00,4.12000000e+00,-3.91000000e+00,-3.81000000e+00,-6.81000000e+00,2.37000000e+00,1.04000000e+00,1.65000000e+00,1.87000000e+00,NaN,NaN,NaN,NaN,NaN,NaN,NaN,NaN,NaN,NaN,NaN,NaN,NaN,NaN,NaN,NaN,NaN,NaN,NaN,NaN,NaN,NaN,NaN,NaN,NaN,NaN,NaN,NaN,NaN,NaN,NaN,NaN,NaN,NaN,NaN,NaN,NaN,NaN,NaN,NaN,NaN,NaN,NaN,NaN,NaN,NaN,NaN,NaN,NaN,NaN
"2017Q3",3.00000000e+00,-1.82000000e+00,2.84000000e+00,4.36000000e+00,4.82000000e+00,-2.98000000e+00,-3.05000000e+00,-4.95000000e+00,2.37000000e+00,1.15000000e+00,2.23000000e+00,2.07000000e+00,NaN,NaN,NaN,NaN,NaN,NaN,NaN,NaN,NaN,NaN,NaN,NaN,NaN,NaN,NaN,NaN,NaN,NaN,NaN,NaN,NaN,NaN,NaN,NaN,NaN,NaN,NaN,NaN,NaN,NaN,NaN,NaN,NaN,NaN,NaN,NaN,NaN,NaN,NaN,NaN,NaN,NaN,NaN,NaN,NaN,NaN,NaN,NaN,NaN,NaN
"2017Q4",2.75000000e+00,-1.53000000e+00,2.76000000e+00,5.68000000e+00,4.28000000e+00,-2.18000000e+00,-1.26000000e+00,-5.48000000e+00,2.18000000e+00,1.30000000e+00,2.11000000e+00,2.22000000e+00,NaN,NaN,NaN,NaN,NaN,NaN,NaN,NaN,NaN,NaN,NaN,NaN,NaN,NaN,NaN,NaN,NaN,NaN,NaN,NaN,NaN,NaN,NaN,NaN,NaN,NaN,NaN,NaN,NaN,NaN,NaN,NaN,NaN,NaN,NaN,NaN,NaN,NaN,NaN,NaN,NaN,NaN,NaN,NaN,NaN,NaN,NaN,NaN,NaN,NaN
"2018Q1",2.75000000e+00,-2.27000000e+00,2.47000000e+00,4.14000000e+00,5.02000000e+00,4.50000000e-01,-1.30000000e-01,-1.24000000e+00,2.04000000e+00,1.51000000e+00,2.36000000e+00,2.38000000e+00,NaN,NaN,NaN,NaN,NaN,NaN,NaN,NaN,NaN,NaN,NaN,NaN,NaN,NaN,NaN,NaN,NaN,NaN,NaN,NaN,NaN,NaN,NaN,NaN,NaN,NaN,NaN,NaN,NaN,NaN,NaN,NaN,NaN,NaN,NaN,NaN,NaN,NaN,NaN,NaN,NaN,NaN,NaN,NaN,NaN,NaN,NaN,NaN,NaN,NaN
"2018Q2",2.75000000e+00,-1.53000000e+00,2.74000000e+00,3.79000000e+00,4.28000000e+00,1.93000000e+00,2.64000000e+00,1.43000000e+00,2.37000000e+00,1.82000000e+00,2.80000000e+00,2.57000000e+00,NaN,NaN,NaN,NaN,NaN,NaN,NaN,NaN,NaN,NaN,NaN,NaN,NaN,NaN,NaN,NaN,NaN,NaN,NaN,NaN,NaN,NaN,NaN,NaN,NaN,NaN,NaN,NaN,NaN,NaN,NaN,NaN,NaN,NaN,NaN,NaN,NaN,NaN,NaN,NaN,NaN,NaN,NaN,NaN,NaN,NaN,NaN,NaN,NaN,NaN
"2018Q3",2.75000000e+00,-1.17000000e+00,2.76000000e+00,4.55000000e+00,3.92000000e+00,4.83000000e+00,3.87000000e+00,2.54000000e+00,2.30000000e+00,1.95000000e+00,2.27000000e+00,2.74000000e+00,NaN,NaN,NaN,NaN,NaN,NaN,NaN,NaN,NaN,NaN,NaN,NaN,NaN,NaN,NaN,NaN,NaN,NaN,NaN,NaN,NaN,NaN,NaN,NaN,NaN,NaN,NaN,NaN,NaN,NaN,NaN,NaN,NaN,NaN,NaN,NaN,NaN,NaN,NaN,NaN,NaN,NaN,NaN,NaN,NaN,NaN,NaN,NaN,NaN,NaN
"2018Q4",3.09010890e+00,-1.48744728e+00,2.88392500e+00,4.88723368e+00,4.57755618e+00,2.68500000e+00,1.52260890e+00,2.66315865e-04,2.04000000e+00,2.21250000e+00,2.20250000e+00,2.68000000e+00,NaN,NaN,NaN,NaN,NaN,NaN,NaN,NaN,NaN,NaN,NaN,NaN,NaN,NaN,NaN,NaN,NaN,NaN,NaN,NaN,NaN,0.00000000e+00,0.00000000e+00,0.00000000e+00,0.00000000e+00,0.00000000e+00,0.00000000e+00,0.00000000e+00,0.00000000e+00,0.00000000e+00,0.00000000e+00,0.00000000e+00,NaN,NaN,NaN,NaN,NaN,NaN,NaN,NaN,NaN,NaN,NaN,7.50000000e+01,NaN,NaN,NaN,NaN,NaN,NaN
"2019Q1",3.37035005e+00,-1.13398936e+00,2.99226002e+00,4.58241904e+00,4.50433940e+00,2.00416288e+00,1.13313793e+00,-4.26381160e-01,1.83200000e+00,2.40937500e+00,2.15187500e+00,2.63500000e+00,NaN,NaN,NaN,NaN,NaN,NaN,NaN,NaN,NaN,NaN,NaN,NaN,NaN,NaN,NaN,NaN,NaN,NaN,NaN,NaN,NaN,0.00000000e+00,0.00000000e+00,0.00000000e+00,0.00000000e+00,0.00000000e+00,0.00000000e+00,0.00000000e+00,0.00000000e+00,0.00000000e+00,0.00000000e+00,0.00000000e+00,NaN,NaN,NaN,NaN,NaN,NaN,NaN,NaN,NaN,NaN,NaN,7.60000000e+01,NaN,NaN,NaN,NaN,NaN,NaN
"2019Q2",3.59973430e+00,-7.83781508e-01,3.07703626e+00,4.43676982e+00,4.38351581e+00,1.65899004e+00,1.03609309e+00,-6.63873534e-01,1.66560000e+00,2.55703125e+00,2.11390625e+00,2.60125000e+00,NaN,NaN,NaN,NaN,NaN,NaN,NaN,NaN,NaN,NaN,NaN,NaN,NaN,NaN,NaN,NaN,NaN,NaN,NaN,NaN,NaN,0.00000000e+00,0.00000000e+00,0.00000000e+00,0.00000000e+00,0.00000000e+00,0.00000000e+00,0.00000000e+00,0.00000000e+00,0.00000000e+00,0.00000000e+00,0.00000000e+00,NaN,NaN,NaN,NaN,NaN,NaN,NaN,NaN,NaN,NaN,NaN,7.70000000e+01,NaN,NaN,NaN,NaN,NaN,NaN
"2019Q3",3.78532484e+00,-5.19973593e-01,3.14139408e+00,4.34841524e+00,4.30529843e+00,1.41783869e+00,1.00291009e+00,-8.45146863e-01,1.53248000e+00,2.66777344e+00,2.08542969e+00,2.57593750e+00,NaN,NaN,NaN,NaN,NaN,NaN,NaN,NaN,NaN,NaN,NaN,NaN,NaN,NaN,NaN,NaN,NaN,NaN,NaN,NaN,NaN,0.00000000e+00,0.00000000e+00,0.00000000e+00,0.00000000e+00,0.00000000e+00,0.00000000e+00,0.00000000e+00,0.00000000e+00,0.00000000e+00,0.00000000e+00,0.00000000e+00,NaN,NaN,NaN,NaN,NaN,NaN,NaN,NaN,NaN,NaN,NaN,7.80000000e+01,NaN,NaN,NaN,NaN,NaN,NaN
"2019Q4",3.93397106e+00,-3.12727043e-01,3.19033244e+00,4.28209760e+00,4.24669810e+00,1.22967896e+00,9.86835939e-01,-9.88346374e-01,1.42598400e+00,2.75083008e+00,2.06407227e+00,2.55695313e+00,NaN,NaN,NaN,NaN,NaN,NaN,NaN,NaN,NaN,NaN,NaN,NaN,NaN,NaN,NaN,NaN,NaN,NaN,NaN,NaN,NaN,0.00000000e+00,0.00000000e+00,0.00000000e+00,0.00000000e+00,0.00000000e+00,0.00000000e+00,0.00000000e+00,0.00000000e+00,0.00000000e+00,0.00000000e+00,0.00000000e+00,NaN,NaN,NaN,NaN,NaN,NaN,NaN,NaN,NaN,NaN,NaN,7.90000000e+01,NaN,NaN,NaN,NaN,NaN,NaN
"2020Q1",4.05185096e+00,-1.47940989e-01,3.22726623e+00,4.22874802e+00,4.19979195e+00,1.07953727e+00,9.77478465e-01,-1.10115655e+00,1.34078720e+00,2.81312256e+00,2.04805420e+00,2.54271484e+00,NaN,NaN,NaN,NaN,NaN,NaN,NaN,NaN,NaN,NaN,NaN,NaN,NaN,NaN,NaN,NaN,NaN,NaN,NaN,NaN,NaN,0.00000000e+00,0.00000000e+00,0.00000000e+00,0.00000000e+00,0.00000000e+00,0.00000000e+00,0.00000000e+00,0.00000000e+00,0.00000000e+00,0.00000000e+00,0.00000000e+00,NaN,NaN,NaN,NaN,NaN,NaN,NaN,NaN,NaN,NaN,NaN,8.00000000e+01,NaN,NaN,NaN,NaN,NaN,NaN
"2020Q2",4.14436872e+00,-1.73680775e-02,3.25479383e+00,4.18526742e+00,4.16173680e+00,9.60010427e-01,9.71907466e-01,-1.18921634e+00,1.27262976e+00,2.85984192e+00,2.03604065e+00,2.53203613e+00,NaN,NaN,NaN,NaN,NaN,NaN,NaN,NaN,NaN,NaN,NaN,NaN,NaN,NaN,NaN,NaN,NaN,NaN,NaN,NaN,NaN,0.00000000e+00,0.00000000e+00,0.00000000e+00,0.00000000e+00,0.00000000e+00,0.00000000e+00,0.00000000e+00,0.00000000e+00,0.00000000e+00,0.00000000e+00,0.00000000e+00,NaN,NaN,NaN,NaN,NaN,NaN,NaN,NaN,NaN,NaN,NaN,8.10000000e+01,NaN,NaN,NaN,NaN,NaN,NaN
"2020Q3",4.21617678e+00,8.52462586e-02,3.27498768e+00,4.14991129e+00,4.13093052e+00,8.65694916e-01,9.68886447e-01,-1.25718588e+00,1.21810381e+00,2.89488144e+00,2.02703049e+00,2.52402710e+00,NaN,NaN,NaN,NaN,NaN,NaN,NaN,NaN,NaN,NaN,NaN,NaN,NaN,NaN,NaN,NaN,NaN,NaN,NaN,NaN,NaN,0.00000000e+00,0.00000000e+00,0.00000000e+00,0.00000000e+00,0.00000000e+00,0.00000000e+00,0.00000000e+00,0.00000000e+00,0.00000000e+00,0.00000000e+00,0.00000000e+00,NaN,NaN,NaN,NaN,NaN,NaN,NaN,NaN,NaN,NaN,NaN,8.20000000e+01,NaN,NaN,NaN,NaN,NaN,NaN
"2020Q4",4.27123297e+00,1.65081409e-01,3.28951368e+00,4.12134165e+00,4.10615157e+00,7.92088415e-01,9.67677264e-01,-1.30898037e+00,1.17448305e+00,2.92116108e+00,2.02027287e+00,2.51802032e+00,NaN,NaN,NaN,NaN,NaN,NaN,NaN,NaN,NaN,NaN,NaN,NaN,NaN,NaN,NaN,NaN,NaN,NaN,NaN,NaN,NaN,0.00000000e+00,0.00000000e+00,0.00000000e+00,0.00000000e+00,0.00000000e+00,0.00000000e+00,0.00000000e+00,0.00000000e+00,0.00000000e+00,0.00000000e+00,0.00000000e+00,NaN,NaN,NaN,NaN,NaN,NaN,NaN,NaN,NaN,NaN,NaN,8.30000000e+01,NaN,NaN,NaN,NaN,NaN,NaN
"2021Q1",4.31286874e+00,2.26494123e-01,3.29970585e+00,4.09842926e+00,4.08637461e+00,7.35349443e-01,9.67760933e-01,-1.34787517e+00,1.13958644e+00,2.94087081e+00,2.01520465e+00,2.51351524e+00,NaN,NaN,NaN,NaN,NaN,NaN,NaN,NaN,NaN,NaN,NaN,NaN,NaN,NaN,NaN,NaN,NaN,NaN,NaN,NaN,NaN,0.00000000e+00,0.00000000e+00,0.00000000e+00,0.00000000e+00,0.00000000e+00,0.00000000e+00,0.00000000e+00,0.00000000e+00,0.00000000e+00,0.00000000e+00,0.00000000e+00,NaN,NaN,NaN,NaN,NaN,NaN,NaN,NaN,NaN,NaN,NaN,8.40000000e+01,NaN,NaN,NaN,NaN,NaN,NaN
"2021Q2",4.34386021e+00,2.73136868e-01,3.30662479e+00,4.08020396e+00,4.07072334e+00,6.92213505e-01,9.68751458e-01,-1.37658697e+00,1.11166915e+00,2.95565311e+00,2.01140349e+00,2.51013643e+00,NaN,NaN,NaN,NaN,NaN,NaN,NaN,NaN,NaN,NaN,NaN,NaN,NaN,NaN,NaN,NaN,NaN,NaN,NaN,NaN,NaN,0.00000000e+00,0.00000000e+00,0.00000000e+00,0.00000000e+00,0.00000000e+00,0.00000000e+00,0.00000000e+00,0.00000000e+00,0.00000000e+00,0.00000000e+00,0.00000000e+00,NaN,NaN,NaN,NaN,NaN,NaN,NaN,NaN,NaN,NaN,NaN,8.50000000e+01,NaN,NaN,NaN,NaN,NaN,NaN
"2021Q3",4.36649834e+00,3.08048089e-01,3.31110663e+00,4.06583406e+00,4.05845025e+00,6.59933487e-01,9.70356673e-01,-1.39734796e+00,1.08933532e+00,2.96673983e+00,2.00855262e+00,2.50760232e+00,NaN,NaN,NaN,NaN,NaN,NaN,NaN,NaN,NaN,NaN,NaN,NaN,NaN,NaN,NaN,NaN,NaN,NaN,NaN,NaN,NaN,0.00000000e+00,0.00000000e+00,0.00000000e+00,0.00000000e+00,0.00000000e+00,0.00000000e+00,0.00000000e+00,0.00000000e+00,0.00000000e+00,0.00000000e+00,0.00000000e+00,NaN,NaN,NaN,NaN,NaN,NaN,NaN,NaN,NaN,NaN,NaN,8.60000000e+01,NaN,NaN,NaN,NaN,NaN,NaN
"2021Q4",4.38265547e+00,3.33733552e-01,3.31380447e+00,4.05461136e+00,4.04892192e+00,6.36222244e-01,9.72354586e-01,-1.41197465e+00,1.07146826e+00,2.97505487e+00,2.00641446e+00,2.50570174e+00,NaN,NaN,NaN,NaN,NaN,NaN,NaN,NaN,NaN,NaN,NaN,NaN,NaN,NaN,NaN,NaN,NaN,NaN,NaN,NaN,NaN,0.00000000e+00,0.00000000e+00,0.00000000e+00,0.00000000e+00,0.00000000e+00,0.00000000e+00,0.00000000e+00,0.00000000e+00,0.00000000e+00,0.00000000e+00,0.00000000e+00,NaN,NaN,NaN,NaN,NaN,NaN,NaN,NaN,NaN,NaN,NaN,8.70000000e+01,NaN,NaN,NaN,NaN,NaN,NaN
"2022Q1",4.39384707e+00,3.52241329e-01,3.31522325e+00,4.04593742e+00,4.04160574e+00,6.19195735e-01,9.74577048e-01,-1.42193084e+00,1.05717460e+00,2.98129115e+00,2.00481085e+00,2.50427631e+00,NaN,NaN,NaN,NaN,NaN,NaN,NaN,NaN,NaN,NaN,NaN,NaN,NaN,NaN,NaN,NaN,NaN,NaN,NaN,NaN,NaN,0.00000000e+00,0.00000000e+00,0.00000000e+00,0.00000000e+00,0.00000000e+00,0.00000000e+00,0.00000000e+00,0.00000000e+00,0.00000000e+00,0.00000000e+00,0.00000000e+00,NaN,NaN,NaN,NaN,NaN,NaN,NaN,NaN,NaN,NaN,NaN,8.80000000e+01,NaN,NaN,NaN,NaN,NaN,NaN
"2022Q2",4.40128763e+00,3.65230213e-01,3.31574892e+00,4.03931063e+00,4.03605742e+00,6.07318235e-01,9.76897816e-01,-1.42838427e+00,1.04573968e+00,2.98596837e+00,2.00360813e+00,2.50320723e+00,NaN,NaN,NaN,NaN,NaN,NaN,NaN,NaN,NaN,NaN,NaN,NaN,NaN,NaN,NaN,NaN,NaN,NaN,NaN,NaN,NaN,0.00000000e+00,0.00000000e+00,0.00000000e+00,0.00000000e+00,0.00000000e+00,0.00000000e+00,0.00000000e+00,0.00000000e+00,0.00000000e+00,0.00000000e+00,0.00000000e+00,NaN,NaN,NaN,NaN,NaN,NaN,NaN,NaN,NaN,NaN,NaN,8.90000000e+01,NaN,NaN,NaN,NaN,NaN,NaN
"2022Q3",4.40594046e+00,3.74031188e-01,3.31567273e+00,4.03431389e+00,4.03190928e+00,5.99351103e-01,9.79223545e-01,-1.43225668e+00,1.03659175e+00,2.98947627e+00,2.00270610e+00,2.50240542e+00,NaN,NaN,NaN,NaN,NaN,NaN,NaN,NaN,NaN,NaN,NaN,NaN,NaN,NaN,NaN,NaN,NaN,NaN,NaN,NaN,NaN,0.00000000e+00,0.00000000e+00,0.00000000e+00,0.00000000e+00,0.00000000e+00,0.00000000e+00,0.00000000e+00,0.00000000e+00,0.00000000e+00,0.00000000e+00,0.00000000e+00,NaN,NaN,NaN,NaN,NaN,NaN,NaN,NaN,NaN,NaN,NaN,9.00000000e+01,NaN,NaN,NaN,NaN,NaN,NaN
"2022Q4",4.40856141e+00,3.79701858e-01,3.31521120e+00,4.03060315e+00,4.02885955e+00,5.94306019e-01,9.81486821e-01,-1.43426756e+00,1.02927340e+00,2.99210721e+00,2.00202958e+00,2.50180407e+00,NaN,NaN,NaN,NaN,NaN,NaN,NaN,NaN,NaN,NaN,NaN,NaN,NaN,NaN,NaN,NaN,NaN,NaN,NaN,NaN,NaN,0.00000000e+00,0.00000000e+00,0.00000000e+00,0.00000000e+00,0.00000000e+00,0.00000000e+00,0.00000000e+00,0.00000000e+00,0.00000000e+00,0.00000000e+00,0.00000000e+00,NaN,NaN,NaN,NaN,NaN,NaN,NaN,NaN,NaN,NaN,NaN,9.10000000e+01,NaN,NaN,NaN,NaN,NaN,NaN
"2023Q1",4.40973659e+00,3.83073990e-01,3.31452246e+00,4.02789702e+00,4.02666260e+00,5.91403207e-01,9.83640672e-01,-1.43497163e+00,1.02341872e+00,2.99408040e+00,2.00152218e+00,2.50135305e+00,NaN,NaN,NaN,NaN,NaN,NaN,NaN,NaN,NaN,NaN,NaN,NaN,NaN,NaN,NaN,NaN,NaN,NaN,NaN,NaN,NaN,0.00000000e+00,0.00000000e+00,0.00000000e+00,0.00000000e+00,0.00000000e+00,0.00000000e+00,0.00000000e+00,0.00000000e+00,0.00000000e+00,0.00000000e+00,0.00000000e+00,NaN,NaN,NaN,NaN,NaN,NaN,NaN,NaN,NaN,NaN,NaN,9.20000000e+01,NaN,NaN,NaN,NaN,NaN,NaN
"2023Q2",4.40991473e+00,3.84794546e-01,3.31371952e+00,4.02596721e+00,4.02512019e+00,5.90034717e-01,9.85654170e-01,-1.43479085e+00,1.01873497e+00,2.99556030e+00,2.00114164e+00,2.50101479e+00,NaN,NaN,NaN,NaN,NaN,NaN,NaN,NaN,NaN,NaN,NaN,NaN,NaN,NaN,NaN,NaN,NaN,NaN,NaN,NaN,NaN,0.00000000e+00,0.00000000e+00,0.00000000e+00,0.00000000e+00,0.00000000e+00,0.00000000e+00,0.00000000e+00,0.00000000e+00,0.00000000e+00,0.00000000e+00,0.00000000e+00,NaN,NaN,NaN,NaN,NaN,NaN,NaN,NaN,NaN,NaN,NaN,9.30000000e+01,NaN,NaN,NaN,NaN,NaN,NaN
"2023Q3",4.40943441e+00,3.85360679e-01,3.31288087e+00,4.02463016e+00,4.02407373e+00,5.89732668e-01,9.87508875e-01,-1.43404126e+00,1.01498798e+00,2.99667023e+00,2.00085623e+00,2.50076109e+00,NaN,NaN,NaN,NaN,NaN,NaN,NaN,NaN,NaN,NaN,NaN,NaN,NaN,NaN,NaN,NaN,NaN,NaN,NaN,NaN,NaN,0.00000000e+00,0.00000000e+00,0.00000000e+00,0.00000000e+00,0.00000000e+00,0.00000000e+00,0.00000000e+00,0.00000000e+00,0.00000000e+00,0.00000000e+00,0.00000000e+00,NaN,NaN,NaN,NaN,NaN,NaN,NaN,NaN,NaN,NaN,NaN,9.40000000e+01,NaN,NaN,NaN,NaN,NaN,NaN
"2023Q4",4.40854686e+00,3.85149285e-01,3.31205903e+00,4.02373959e+00,4.02339757e+00,5.90142134e-01,9.89195939e-01,-1.43295529e+00,1.01199038e+00,2.99750267e+00,2.00064217e+00,2.50057082e+00,NaN,NaN,NaN,NaN,NaN,NaN,NaN,NaN,NaN,NaN,NaN,NaN,NaN,NaN,NaN,NaN,NaN,NaN,NaN,NaN,NaN,0.00000000e+00,0.00000000e+00,0.00000000e+00,0.00000000e+00,0.00000000e+00,0.00000000e+00,0.00000000e+00,0.00000000e+00,0.00000000e+00,0.00000000e+00,0.00000000e+00,NaN,NaN,NaN,NaN,NaN,NaN,NaN,NaN,NaN,NaN,NaN,9.50000000e+01,NaN,NaN,NaN,NaN,NaN,NaN
"2024Q1",4.40743477e+00,3.84441674e-01,3.31128722e+00,4.02318006e+00,4.02299310e+00,5.90998288e-01,9.90713749e-01,-1.43170014e+00,1.00959231e+00,2.99812700e+00,2.00048163e+00,2.50042811e+00,NaN,NaN,NaN,NaN,NaN,NaN,NaN,NaN,NaN,NaN,NaN,NaN,NaN,NaN,NaN,NaN,NaN,NaN,NaN,NaN,NaN,0.00000000e+00,0.00000000e+00,0.00000000e+00,0.00000000e+00,0.00000000e+00,0.00000000e+00,0.00000000e+00,0.00000000e+00,0.00000000e+00,0.00000000e+00,0.00000000e+00,NaN,NaN,NaN,NaN,NaN,NaN,NaN,NaN,NaN,NaN,NaN,9.60000000e+01,NaN,NaN,NaN,NaN,NaN,NaN
"2024Q2",4.40622775e+00,3.83443995e-01,3.31058460e+00,4.02286136e+00,4.02278375e+00,5.92107353e-01,9.92066001e-01,-1.43039279e+00,1.00767385e+00,2.99859525e+00,2.00036122e+00,2.50032109e+00,NaN,NaN,NaN,NaN,NaN,NaN,NaN,NaN,NaN,NaN,NaN,NaN,NaN,NaN,NaN,NaN,NaN,NaN,NaN,NaN,NaN,0.00000000e+00,0.00000000e+00,0.00000000e+00,0.00000000e+00,0.00000000e+00,0.00000000e+00,0.00000000e+00,0.00000000e+00,0.00000000e+00,0.00000000e+00,0.00000000e+00,NaN,NaN,NaN,NaN,NaN,NaN,NaN,NaN,NaN,NaN,NaN,9.70000000e+01,NaN,NaN,NaN,NaN,NaN,NaN
"2024Q3",4.40501476e+00,3.82303950e-01,3.30996032e+00,4.02271381e+00,4.02271081e+00,5.93330908e-01,9.93260157e-01,-1.42911199e+00,1.00613908e+00,2.99894644e+00,2.00027092e+00,2.50024081e+00,NaN,NaN,NaN,NaN,NaN,NaN,NaN,NaN,NaN,NaN,NaN,NaN,NaN,NaN,NaN,NaN,NaN,NaN,NaN,NaN,NaN,0.00000000e+00,0.00000000e+00,0.00000000e+00,0.00000000e+00,0.00000000e+00,0.00000000e+00,0.00000000e+00,0.00000000e+00,0.00000000e+00,0.00000000e+00,0.00000000e+00,NaN,NaN,NaN,NaN,NaN,NaN,NaN,NaN,NaN,NaN,NaN,9.80000000e+01,NaN,NaN,NaN,NaN,NaN,NaN
"2024Q4",4.40385419e+00,3.81124363e-01,3.30941659e+00,4.02268425e+00,4.02272983e+00,5.94573095e-01,9.94306198e-01,-1.42790796e+00,1.00491126e+00,2.99920983e+00,2.00020319e+00,2.50018061e+00,NaN,NaN,NaN,NaN,NaN,NaN,NaN,NaN,NaN,NaN,NaN,NaN,NaN,NaN,NaN,NaN,NaN,NaN,NaN,NaN,NaN,0.00000000e+00,0.00000000e+00,0.00000000e+00,0.00000000e+00,0.00000000e+00,0.00000000e+00,0.00000000e+00,0.00000000e+00,0.00000000e+00,0.00000000e+00,0.00000000e+00,NaN,NaN,NaN,NaN,NaN,NaN,NaN,NaN,NaN,NaN,NaN,9.90000000e+01,NaN,NaN,NaN,NaN,NaN,NaN
"2025Q1",4.40278172e+00,3.79974069e-01,3.30895106e+00,4.02273266e+00,4.02280766e+00,5.95770308e-01,9.95215651e-01,-1.42680996e+00,1.00392901e+00,2.99940737e+00,2.00015239e+00,2.50013546e+00,NaN,NaN,NaN,NaN,NaN,NaN,NaN,NaN,NaN,NaN,NaN,NaN,NaN,NaN,NaN,NaN,NaN,NaN,NaN,NaN,NaN,0.00000000e+00,0.00000000e+00,0.00000000e+00,0.00000000e+00,0.00000000e+00,0.00000000e+00,0.00000000e+00,0.00000000e+00,0.00000000e+00,0.00000000e+00,0.00000000e+00,NaN,NaN,NaN,NaN,NaN,NaN,NaN,NaN,NaN,NaN,NaN,1.00000000e+02,NaN,NaN,NaN,NaN,NaN,NaN
"2025Q2",4.40181659e+00,3.78896568e-01,3.30855849e+00,4.02282943e+00,4.02292002e+00,5.96882965e-01,9.96000822e-01,-1.42583218e+00,1.00314321e+00,2.99955553e+00,2.00011429e+00,2.50010159e+00,NaN,NaN,NaN,NaN,NaN,NaN,NaN,NaN,NaN,NaN,NaN,NaN,NaN,NaN,NaN,NaN,NaN,NaN,NaN,NaN,NaN,0.00000000e+00,0.00000000e+00,0.00000000e+00,0.00000000e+00,0.00000000e+00,0.00000000e+00,0.00000000e+00,0.00000000e+00,0.00000000e+00,0.00000000e+00,0.00000000e+00,NaN,NaN,NaN,NaN,NaN,NaN,NaN,NaN,NaN,NaN,NaN,1.01000000e+02,NaN,NaN,NaN,NaN,NaN,NaN
"2025Q3",4.40096640e+00,3.77916841e-01,3.30823201e+00,4.02295309e+00,4.02304956e+00,5.97889031e-01,9.96674219e-01,-1.42497834e+00,1.00251457e+00,2.99966665e+00,2.00008572e+00,2.50007620e+00,NaN,NaN,NaN,NaN,NaN,NaN,NaN,NaN,NaN,NaN,NaN,NaN,NaN,NaN,NaN,NaN,NaN,NaN,NaN,NaN,NaN,0.00000000e+00,0.00000000e+00,0.00000000e+00,0.00000000e+00,0.00000000e+00,0.00000000e+00,0.00000000e+00,0.00000000e+00,0.00000000e+00,0.00000000e+00,0.00000000e+00,NaN,NaN,NaN,NaN,NaN,NaN,NaN,NaN,NaN,NaN,NaN,1.02000000e+02,NaN,NaN,NaN,NaN,NaN,NaN
"2025Q4",4.40023080e+00,3.77046630e-01,3.30796405e+00,4.02308841e+00,4.02318417e+00,5.98778970e-01,9.97248129e-01,-1.42424515e+00,1.00201165e+00,2.99974999e+00,2.00006429e+00,2.50005715e+00,NaN,NaN,NaN,NaN,NaN,NaN,NaN,NaN,NaN,NaN,NaN,NaN,NaN,NaN,NaN,NaN,NaN,NaN,NaN,NaN,NaN,0.00000000e+00,0.00000000e+00,0.00000000e+00,0.00000000e+00,0.00000000e+00,0.00000000e+00,0.00000000e+00,0.00000000e+00,0.00000000e+00,0.00000000e+00,0.00000000e+00,NaN,NaN,NaN,NaN,NaN,NaN,NaN,NaN,NaN,NaN,NaN,1.03000000e+02,NaN,NaN,NaN,NaN,NaN,NaN
"2026Q1",4.39960425e+00,3.76288501e-01,3.30774690e+00,4.02322495e+00,4.02331575e+00,5.99551870e-01,9.97734306e-01,-1.42362486e+00,1.00160932e+00,2.99981249e+00,2.00004822e+00,2.50004286e+00,NaN,NaN,NaN,NaN,NaN,NaN,NaN,NaN,NaN,NaN,NaN,NaN,NaN,NaN,NaN,NaN,NaN,NaN,NaN,NaN,NaN,0.00000000e+00,0.00000000e+00,0.00000000e+00,0.00000000e+00,0.00000000e+00,0.00000000e+00,0.00000000e+00,0.00000000e+00,0.00000000e+00,0.00000000e+00,0.00000000e+00,NaN,NaN,NaN,NaN,NaN,NaN,NaN,NaN,NaN,NaN,NaN,1.04000000e+02,NaN,NaN,NaN,NaN,NaN,NaN
"2026Q2",4.39907809e+00,3.75638918e-01,3.30757316e+00,4.02335586e+00,4.02343917e+00,6.00212511e-01,9.98143775e-01,-1.42310719e+00,1.00128746e+00,2.99985937e+00,2.00003616e+00,2.50003214e+00,NaN,NaN,NaN,NaN,NaN,NaN,NaN,NaN,NaN,NaN,NaN,NaN,NaN,NaN,NaN,NaN,NaN,NaN,NaN,NaN,NaN,0.00000000e+00,0.00000000e+00,0.00000000e+00,0.00000000e+00,0.00000000e+00,0.00000000e+00,0.00000000e+00,0.00000000e+00,0.00000000e+00,0.00000000e+00,0.00000000e+00,NaN,NaN,NaN,NaN,NaN,NaN,NaN,NaN,NaN,NaN,NaN,1.05000000e+02,NaN,NaN,NaN,NaN,NaN,NaN
"2026Q3",4.39864201e+00,3.75090523e-01,3.30743594e+00,4.02347697e+00,4.02355149e+00,6.00769183e-01,9.98486701e-01,-1.42268067e+00,1.00102997e+00,2.99989452e+00,2.00002712e+00,2.50002411e+00,NaN,NaN,NaN,NaN,NaN,NaN,NaN,NaN,NaN,NaN,NaN,NaN,NaN,NaN,NaN,NaN,NaN,NaN,NaN,NaN,NaN,0.00000000e+00,0.00000000e+00,0.00000000e+00,0.00000000e+00,0.00000000e+00,0.00000000e+00,0.00000000e+00,0.00000000e+00,0.00000000e+00,0.00000000e+00,0.00000000e+00,NaN,NaN,NaN,NaN,NaN,NaN,NaN,NaN,NaN,NaN,NaN,1.06000000e+02,NaN,NaN,NaN,NaN,NaN,NaN
"2026Q4",4.39828510e+00,3.74633806e-01,3.30732905e+00,4.02358601e+00,4.02365129e+00,6.01232093e-01,9.98772322e-01,-1.42233357e+00,1.00082397e+00,2.99992089e+00,2.00002034e+00,2.50001808e+00,NaN,NaN,NaN,NaN,NaN,NaN,NaN,NaN,NaN,NaN,NaN,NaN,NaN,NaN,NaN,NaN,NaN,NaN,NaN,NaN,NaN,0.00000000e+00,0.00000000e+00,0.00000000e+00,0.00000000e+00,0.00000000e+00,0.00000000e+00,0.00000000e+00,0.00000000e+00,0.00000000e+00,0.00000000e+00,0.00000000e+00,NaN,NaN,NaN,NaN,NaN,NaN,NaN,NaN,NaN,NaN,NaN,1.07000000e+02,NaN,NaN,NaN,NaN,NaN,NaN
"2027Q1",4.39799655e+00,3.74258291e-01,3.30724701e+00,4.02368205e+00,4.02373826e+00,6.01612239e-01,9.99008938e-01,-1.42205456e+00,1.00065918e+00,2.99994067e+00,2.00001526e+00,2.50001356e+00,NaN,NaN,NaN,NaN,NaN,NaN,NaN,NaN,NaN,NaN,NaN,NaN,NaN,NaN,NaN,NaN,NaN,NaN,NaN,NaN,NaN,0.00000000e+00,0.00000000e+00,0.00000000e+00,0.00000000e+00,0.00000000e+00,0.00000000e+00,0.00000000e+00,0.00000000e+00,0.00000000e+00,0.00000000e+00,0.00000000e+00,NaN,NaN,NaN,NaN,NaN,NaN,NaN,NaN,NaN,NaN,NaN,1.08000000e+02,NaN,NaN,NaN,NaN,NaN,NaN
"2027Q2",4.39776613e+00,3.73953361e-01,3.30718507e+00,4.02376512e+00,4.02381277e+00,6.01920633e-01,9.99203919e-01,-1.42183305e+00,1.00052734e+00,2.99995550e+00,2.00001144e+00,2.50001017e+00,NaN,NaN,NaN,NaN,NaN,NaN,NaN,NaN,NaN,NaN,NaN,NaN,NaN,NaN,NaN,NaN,NaN,NaN,NaN,NaN,NaN,0.00000000e+00,0.00000000e+00,0.00000000e+00,0.00000000e+00,0.00000000e+00,0.00000000e+00,0.00000000e+00,0.00000000e+00,0.00000000e+00,0.00000000e+00,0.00000000e+00,NaN,NaN,NaN,NaN,NaN,NaN,NaN,NaN,NaN,NaN,NaN,1.09000000e+02,NaN,NaN,NaN,NaN,NaN,NaN
"2027Q3",4.39758446e+00,3.73708794e-01,3.30713920e+00,4.02383584e+00,4.02387567e+00,6.02167789e-01,9.99363749e-01,-1.42165947e+00,1.00042187e+00,2.99996663e+00,2.00000858e+00,2.50000763e+00,NaN,NaN,NaN,NaN,NaN,NaN,NaN,NaN,NaN,NaN,NaN,NaN,NaN,NaN,NaN,NaN,NaN,NaN,NaN,NaN,NaN,0.00000000e+00,0.00000000e+00,0.00000000e+00,0.00000000e+00,0.00000000e+00,0.00000000e+00,0.00000000e+00,0.00000000e+00,0.00000000e+00,0.00000000e+00,0.00000000e+00,NaN,NaN,NaN,NaN,NaN,NaN,NaN,NaN,NaN,NaN,NaN,1.10000000e+02,NaN,NaN,NaN,NaN,NaN,NaN
"2027Q4",4.39744314e+00,3.73515105e-01,3.30710600e+00,4.02389518e+00,4.02392804e+00,6.02363414e-01,9.99494084e-01,-1.42152533e+00,1.00033750e+00,2.99997497e+00,2.00000644e+00,2.50000572e+00,NaN,NaN,NaN,NaN,NaN,NaN,NaN,NaN,NaN,NaN,NaN,NaN,NaN,NaN,NaN,NaN,NaN,NaN,NaN,NaN,NaN,0.00000000e+00,0.00000000e+00,0.00000000e+00,0.00000000e+00,0.00000000e+00,0.00000000e+00,0.00000000e+00,0.00000000e+00,0.00000000e+00,0.00000000e+00,0.00000000e+00,NaN,NaN,NaN,NaN,NaN,NaN,NaN,NaN,NaN,NaN,NaN,1.11000000e+02,NaN,NaN,NaN,NaN,NaN,NaN
"2028Q1",4.39733480e+00,3.73363725e-01,3.30708266e+00,4.02394431e+00,4.02397108e+00,6.02516240e-01,9.99599813e-01,-1.42142324e+00,1.00027000e+00,2.99998123e+00,2.00000483e+00,2.50000429e+00,NaN,NaN,NaN,NaN,NaN,NaN,NaN,NaN,NaN,NaN,NaN,NaN,NaN,NaN,NaN,NaN,NaN,NaN,NaN,NaN,NaN,0.00000000e+00,0.00000000e+00,0.00000000e+00,0.00000000e+00,0.00000000e+00,0.00000000e+00,0.00000000e+00,0.00000000e+00,0.00000000e+00,0.00000000e+00,0.00000000e+00,NaN,NaN,NaN,NaN,NaN,NaN,NaN,NaN,NaN,NaN,NaN,1.12000000e+02,NaN,NaN,NaN,NaN,NaN,NaN
"2028Q2",4.39725309e+00,3.73247085e-01,3.30706687e+00,4.02398447e+00,4.02400601e+00,6.02633960e-01,9.99685132e-01,-1.42134689e+00,1.00021600e+00,2.99998592e+00,2.00000362e+00,2.50000322e+00,NaN,NaN,NaN,NaN,NaN,NaN,NaN,NaN,NaN,NaN,NaN,NaN,NaN,NaN,NaN,NaN,NaN,NaN,NaN,NaN,NaN,0.00000000e+00,0.00000000e+00,0.00000000e+00,0.00000000e+00,0.00000000e+00,0.00000000e+00,0.00000000e+00,0.00000000e+00,0.00000000e+00,0.00000000e+00,0.00000000e+00,NaN,NaN,NaN,NaN,NaN,NaN,NaN,NaN,NaN,NaN,NaN,1.13000000e+02,NaN,NaN,NaN,NaN,NaN,NaN
"2028Q3",4.39719263e+00,3.73158621e-01,3.30705678e+00,4.02401690e+00,4.02403401e+00,6.02723232e-01,9.99753620e-01,-1.42129095e+00,1.00017280e+00,2.99998944e+00,2.00000272e+00,2.50000241e+00,NaN,NaN,NaN,NaN,NaN,NaN,NaN,NaN,NaN,NaN,NaN,NaN,NaN,NaN,NaN,NaN,NaN,NaN,NaN,NaN,NaN,0.00000000e+00,0.00000000e+00,0.00000000e+00,0.00000000e+00,0.00000000e+00,0.00000000e+00,0.00000000e+00,0.00000000e+00,0.00000000e+00,0.00000000e+00,0.00000000e+00,NaN,NaN,NaN,NaN,NaN,NaN,NaN,NaN,NaN,NaN,NaN,1.14000000e+02,NaN,NaN,NaN,NaN,NaN,NaN
"2028Q4",4.39714889e+00,3.73092726e-01,3.30705090e+00,4.02404275e+00,4.02405617e+00,6.02789729e-01,9.99808302e-01,-1.42125098e+00,1.00013824e+00,2.99999208e+00,2.00000204e+00,2.50000181e+00,NaN,NaN,NaN,NaN,NaN,NaN,NaN,NaN,NaN,NaN,NaN,NaN,NaN,NaN,NaN,NaN,NaN,NaN,NaN,NaN,NaN,0.00000000e+00,0.00000000e+00,0.00000000e+00,0.00000000e+00,0.00000000e+00,0.00000000e+00,0.00000000e+00,0.00000000e+00,0.00000000e+00,0.00000000e+00,0.00000000e+00,NaN,NaN,NaN,NaN,NaN,NaN,NaN,NaN,NaN,NaN,NaN,1.15000000e+02,NaN,NaN,NaN,NaN,NaN,NaN
"2029Q1",4.39711816e+00,3.73044685e-01,3.30704807e+00,4.02406310e+00,4.02407347e+00,6.02838220e-01,9.99851724e-01,-1.42122335e+00,1.00011059e+00,2.99999406e+00,2.00000153e+00,2.50000136e+00,NaN,NaN,NaN,NaN,NaN,NaN,NaN,NaN,NaN,NaN,NaN,NaN,NaN,NaN,NaN,NaN,NaN,NaN,NaN,NaN,NaN,0.00000000e+00,0.00000000e+00,0.00000000e+00,0.00000000e+00,0.00000000e+00,0.00000000e+00,0.00000000e+00,0.00000000e+00,0.00000000e+00,0.00000000e+00,0.00000000e+00,NaN,NaN,NaN,NaN,NaN,NaN,NaN,NaN,NaN,NaN,NaN,1.16000000e+02,NaN,NaN,NaN,NaN,NaN,NaN
"2029Q2",4.39709737e+00,3.73010581e-01,3.30704736e+00,4.02407889e+00,4.02408679e+00,6.02872661e-01,9.99886012e-01,-1.42120508e+00,1.00008847e+00,2.99999555e+00,2.00000115e+00,2.50000102e+00,NaN,NaN,NaN,NaN,NaN,NaN,NaN,NaN,NaN,NaN,NaN,NaN,NaN,NaN,NaN,NaN,NaN,NaN,NaN,NaN,NaN,0.00000000e+00,0.00000000e+00,0.00000000e+00,0.00000000e+00,0.00000000e+00,0.00000000e+00,0.00000000e+00,0.00000000e+00,0.00000000e+00,0.00000000e+00,0.00000000e+00,NaN,NaN,NaN,NaN,NaN,NaN,NaN,NaN,NaN,NaN,NaN,1.17000000e+02,NaN,NaN,NaN,NaN,NaN,NaN
"2029Q3",4.39708408e+00,3.72987200e-01,3.30704810e+00,4.02409097e+00,4.02409688e+00,6.02896293e-01,9.99912933e-01,-1.42119382e+00,1.00007078e+00,2.99999666e+00,2.00000086e+00,2.50000076e+00,NaN,NaN,NaN,NaN,NaN,NaN,NaN,NaN,NaN,NaN,NaN,NaN,NaN,NaN,NaN,NaN,NaN,NaN,NaN,NaN,NaN,0.00000000e+00,0.00000000e+00,0.00000000e+00,0.00000000e+00,0.00000000e+00,0.00000000e+00,0.00000000e+00,0.00000000e+00,0.00000000e+00,0.00000000e+00,0.00000000e+00,NaN,NaN,NaN,NaN,NaN,NaN,NaN,NaN,NaN,NaN,NaN,1.18000000e+02,NaN,NaN,NaN,NaN,NaN,NaN
"2029Q4",4.39707632e+00,3.72971942e-01,3.30704975e+00,4.02410005e+00,4.02410438e+00,6.02911739e-01,9.99933944e-01,-1.42118767e+00,1.00005662e+00,2.99999749e+00,2.00000064e+00,2.50000057e+00,NaN,NaN,NaN,NaN,NaN,NaN,NaN,NaN,NaN,NaN,NaN,NaN,NaN,NaN,NaN,NaN,NaN,NaN,NaN,NaN,NaN,0.00000000e+00,0.00000000e+00,0.00000000e+00,0.00000000e+00,0.00000000e+00,0.00000000e+00,0.00000000e+00,0.00000000e+00,0.00000000e+00,0.00000000e+00,0.00000000e+00,NaN,NaN,NaN,NaN,NaN,NaN,NaN,NaN,NaN,NaN,NaN,1.19000000e+02,NaN,NaN,NaN,NaN,NaN,NaN
"2030Q1",4.39707256e+00,3.72962725e-01,3.30705193e+00,4.02410675e+00,4.02410984e+00,6.02921097e-01,9.99950241e-01,-1.42118517e+00,1.00004530e+00,2.99999812e+00,2.00000048e+00,2.50000043e+00,NaN,NaN,NaN,NaN,NaN,NaN,NaN,NaN,NaN,NaN,NaN,NaN,NaN,NaN,NaN,NaN,NaN,NaN,NaN,NaN,NaN,0.00000000e+00,0.00000000e+00,0.00000000e+00,0.00000000e+00,0.00000000e+00,0.00000000e+00,0.00000000e+00,0.00000000e+00,0.00000000e+00,0.00000000e+00,0.00000000e+00,NaN,NaN,NaN,NaN,NaN,NaN,NaN,NaN,NaN,NaN,NaN,1.20000000e+02,NaN,NaN,NaN,NaN,NaN,NaN
"2030Q2",4.39707161e+00,3.72957903e-01,3.30705436e+00,4.02411157e+00,4.02411370e+00,6.02926024e-01,9.99962801e-01,-1.42118518e+00,1.00003624e+00,2.99999859e+00,2.00000036e+00,2.50000032e+00,NaN,NaN,NaN,NaN,NaN,NaN,NaN,NaN,NaN,NaN,NaN,NaN,NaN,NaN,NaN,NaN,NaN,NaN,NaN,NaN,NaN,0.00000000e+00,0.00000000e+00,0.00000000e+00,0.00000000e+00,0.00000000e+00,0.00000000e+00,0.00000000e+00,0.00000000e+00,0.00000000e+00,0.00000000e+00,0.00000000e+00,NaN,NaN,NaN,NaN,NaN,NaN,NaN,NaN,NaN,NaN,NaN,1.21000000e+02,NaN,NaN,NaN,NaN,NaN,NaN
"2030Q3",4.39707254e+00,3.72956195e-01,3.30705684e+00,4.02411493e+00,4.02411634e+00,6.02927811e-01,9.99972414e-01,-1.42118685e+00,1.00002899e+00,2.99999894e+00,2.00000027e+00,2.50000024e+00,NaN,NaN,NaN,NaN,NaN,NaN,NaN,NaN,NaN,NaN,NaN,NaN,NaN,NaN,NaN,NaN,NaN,NaN,NaN,NaN,NaN,0.00000000e+00,0.00000000e+00,0.00000000e+00,0.00000000e+00,0.00000000e+00,0.00000000e+00,0.00000000e+00,0.00000000e+00,0.00000000e+00,0.00000000e+00,0.00000000e+00,NaN,NaN,NaN,NaN,NaN,NaN,NaN,NaN,NaN,NaN,NaN,1.22000000e+02,NaN,NaN,NaN,NaN,NaN,NaN
"2030Q4",4.39707467e+00,3.72956614e-01,3.30705925e+00,4.02411719e+00,4.02411806e+00,6.02927451e-01,9.99979720e-01,-1.42118953e+00,1.00002319e+00,2.99999921e+00,2.00000020e+00,2.50000018e+00,NaN,NaN,NaN,NaN,NaN,NaN,NaN,NaN,NaN,NaN,NaN,NaN,NaN,NaN,NaN,NaN,NaN,NaN,NaN,NaN,NaN,0.00000000e+00,0.00000000e+00,0.00000000e+00,0.00000000e+00,0.00000000e+00,0.00000000e+00,0.00000000e+00,0.00000000e+00,0.00000000e+00,0.00000000e+00,0.00000000e+00,NaN,NaN,NaN,NaN,NaN,NaN,NaN,NaN,NaN,NaN,NaN,1.23000000e+02,NaN,NaN,NaN,NaN,NaN,NaN